Timestamp	Module	Action	User	Status Code	Message
2023-01-07 00:55:00	UX	Loaded	ysimpson	403	Door song four message.
2023-02-25 16:05:00	API	Removed	vanessa54	400	Race avoid machine top.
2023-02-06 22:01:00	API	Updated	wblevins	500	But its sense rock conference person.
2023-03-01 22:20:00	Backend	Loaded	eanderson	200	Some week her movement.
2023-02-23 19:41:00	Backend	Refreshed	william56	400	Add American stage impact list move.
2023-01-23 21:43:00	Database	Removed	zachary30	403	Employee well step fly support.
2023-01-21 01:25:00	UI	Rendered	hlopez	201	Minute race word face response.
2023-02-15 02:26:00	Backend	Failed	gene52	201	Office industry get.
2023-01-26 18:31:00	Backend	Removed	bakermonica	403	Attorney along culture.
2023-01-15 21:32:00	Frontend	Rendered	jasonjackson	500	If gas thousand skin child.
2023-02-16 20:09:00	Backend	Loaded	uclark	500	Even usually fight.
2023-01-08 22:51:00	UX	Failed	kenneth11	200	Continue part writer brother.
2023-01-21 00:34:00	API	Failed	donnahamilton	403	Gun deal wrong.
2023-02-16 09:07:00	Database	Failed	hinesjessica	200	Apply industry Republican radio each.
2023-02-01 22:01:00	Database	Loaded	matthewtorres	404	Material thing beat father case choice modern.
2023-02-09 04:11:00	UX	Refreshed	helenshea	500	Range contain easy business resource Mrs experience thing.
2023-02-12 05:17:00	UI	Removed	shortjustin	404	Several behind message action certain firm me.
2023-02-25 10:48:00	Frontend	Loaded	wsoto	201	Recent forget foot than.
2023-02-09 23:17:00	Backend	Failed	jpowers	200	Present hope note recognize.
2023-01-25 18:35:00	Database	Removed	petergray	404	Anyone claim arm tax why.
2023-01-23 08:14:00	Database	Loaded	michael40	500	Spring near nor order safe thank.
2023-01-05 20:52:00	Frontend	Removed	esmith	404	Figure instead over green detail personal already.
2023-03-01 06:14:00	Backend	Refreshed	james30	404	Order always go him billion music minute.
2023-01-01 01:05:00	Database	Removed	wquinn	400	Successful use already now should become show the.
2023-01-03 14:02:00	Database	Updated	itaylor	201	Head least themselves history car.
2023-02-22 12:07:00	UI	Refreshed	vasquezbryce	403	Well audience five term travel property.
2023-01-06 19:00:00	Frontend	Failed	parktaylor	401	From while decision wonder upon.
2023-02-18 14:54:00	API	Updated	stewartangela	404	Century design idea student about when loss.
2023-01-17 14:00:00	Frontend	Failed	ralph51	401	Want above agent list only force.
2023-01-22 23:39:00	API	Removed	barronbrenda	200	Money read response condition around foot.
